ID,item,probability,gamma_true,delta_true,gamma_obs,delta_obs,w_prob
1,1,0.01,0.26,0.874,0.11612720550729735,0.857377279469399,0.33459040936267426
1,1,0.11,0.26,0.874,0.11247384704676429,0.9626234405078768,0.4321102176660026
1,1,0.21000000000000002,0.26,0.874,0.27273460183485504,0.863512377400144,0.375639022975004
1,1,0.31000000000000005,0.26,0.874,0.20048728387856887,0.7901584390687599,0.40228925984142067
1,1,0.41000000000000003,0.26,0.874,0.24859945990365345,1.032654789295651,0.48541697602237205
1,1,0.51,0.26,0.874,0.35039677068860564,0.899674840426463,0.4770900208303012
1,1,0.6100000000000001,0.26,0.874,0.15828392772808364,0.9166542184793722,0.4959444334102849
1,1,0.7100000000000001,0.26,0.874,0.14601803255708673,1.0180782680549902,0.5370964614313416
1,1,0.81,0.26,0.874,0.12929557654994928,0.9264399950156132,0.5277399611852852
1,1,0.91,0.26,0.874,0.2947113658818694,0.761311287579667,0.6008820222459919
2,1,0.01,0.26,0.874,-0.0039307488906028115,0.7152980247770596,0.42140856992035697
2,1,0.11,0.26,0.874,0.16739342451550915,0.5100067919749929,0.26438363124191483
2,1,0.21000000000000002,0.26,0.874,0.023119418588985058,0.5550398981324147,0.3499300296548119
2,1,0.31000000000000005,0.26,0.874,0.02883130215313623,0.8243544831487584,0.4461538420975221
2,1,0.41000000000000003,0.26,0.874,0.2162323465561909,0.49402631707352784,0.3134869337989677
2,1,0.51,0.26,0.874,0.26751164217829493,0.676924429585045,0.40624900542366427
2,1,0.6100000000000001,0.26,0.874,-0.00863568039498766,0.47976572836069153,0.3233715777286289
2,1,0.7100000000000001,0.26,0.874,0.16135108932283618,0.6278728814849837,0.4204451300781477
2,1,0.81,0.26,0.874,0.022317552529676765,0.7093291905429451,0.4228523947185262
2,1,0.91,0.26,0.874,-0.08911837105572074,0.6494370934815994,0.34573572499618016
3,1,0.01,0.26,0.874,0.1859311577490553,0.6146970131700993,0.2073453697654918
3,1,0.11,0.26,0.874,0.1684207803207988,0.78258615574496,0.3549672620360851
3,1,0.21000000000000002,0.26,0.874,0.17669770921575875,0.6251501939685012,0.33095373224683955
3,1,0.31000000000000005,0.26,0.874,0.0600159809205566,0.8134762353624987,0.43672641373380827
3,1,0.41000000000000003,0.26,0.874,0.11302779354535655,0.6875598782172797,0.39753548635493097
3,1,0.51,0.26,0.874,0.17206394208190381,0.6876323853177598,0.40911685921569707
3,1,0.6100000000000001,0.26,0.874,0.12474597534369793,0.8527785037930579,0.4741592851366516
3,1,0.7100000000000001,0.26,0.874,0.17638372395510193,0.657364263922647,0.4349739219044023
3,1,0.81,0.26,0.874,0.19086144766511282,0.6120267431004969,0.4466468275959125
3,1,0.91,0.26,0.874,0.38583396826961797,0.6247845882056368,0.6040408068521091
4,1,0.01,0.26,0.874,0.3767040527518441,0.9350991426838506,0.14208214350900147
4,1,0.11,0.26,0.874,0.3817947418457213,0.7833208146732725,0.26067813905658577
4,1,0.21000000000000002,0.26,0.874,0.34171240361898364,0.9267472483842938,0.3707926469626813
4,1,0.31000000000000005,0.26,0.874,0.21153806344455484,0.7988778211358453,0.40280215484844606
4,1,0.41000000000000003,0.26,0.874,0.43301982843556264,0.7546614219644499,0.39195775311651376
4,1,0.51,0.26,0.874,0.4221368698157135,0.9378039765737681,0.48817055656963165
4,1,0.6100000000000001,0.26,0.874,0.3763039059847514,0.7957083070586037,0.48495522441884337
4,1,0.7100000000000001,0.26,0.874,0.20839469623731963,0.7443795412374163,0.4728739225462123
4,1,0.81,0.26,0.874,0.4849806192065104,0.8860990796001572,0.6415965394105905
4,1,0.91,0.26,0.874,0.4037771207925955,0.7284898139060618,0.6496295410117486
5,1,0.01,0.26,0.874,0.15705419532654996,0.6630390141105633,0.24368080754678845
5,1,0.11,0.26,0.874,0.29012741728034774,0.9584645350254403,0.3432140114485682
5,1,0.21000000000000002,0.26,0.874,0.11364591728610086,0.7416636846602563,0.38949587920781964
5,1,0.31000000000000005,0.26,0.874,0.16634095863244125,0.6860011534966799,0.3752008908660973
5,1,0.41000000000000003,0.26,0.874,0.2508942609592778,0.842030275936914,0.4345634478282934
5,1,0.51,0.26,0.874,0.18734378384144476,0.8029467399170482,0.4472045011835387
5,1,0.6100000000000001,0.26,0.874,0.459092787154844,0.7785915291181018,0.4887741591570068
5,1,0.7100000000000001,0.26,0.874,0.30733908297043316,0.8259148009375025,0.5209684083021034
5,1,0.81,0.26,0.874,0.08087703484515363,0.7064430272138295,0.44269288404363294
5,1,0.91,0.26,0.874,0.4261724513860147,0.8074578652705848,0.68398429927748
6,1,0.01,0.26,0.874,0.21475544420015516,0.8095699854965966,0.23181711748802164
6,1,0.11,0.26,0.874,0.3266884347315768,0.5715156115678386,0.22400383330327803
6,1,0.21000000000000002,0.26,0.874,0.27507398416750745,0.7316942440736082,0.33696581493562894
6,1,0.31000000000000005,0.26,0.874,0.4647294729225955,0.6429735605771327,0.30714714898022555
6,1,0.41000000000000003,0.26,0.874,0.29863014360983725,0.5740743991662051,0.33991179587395554
6,1,0.51,0.26,0.874,0.1838822201034645,0.7818915315410586,0.44061093390947087
6,1,0.6100000000000001,0.26,0.874,0.2782790365065835,0.7395817596743511,0.4558173336322217
6,1,0.7100000000000001,0.26,0.874,0.26296376923440934,0.7705348300756097,0.4936961198425255
6,1,0.81,0.26,0.874,0.381283585884635,0.6547047414307482,0.5322785852869285
6,1,0.91,0.26,0.874,0.48454661775661245,0.832139933163939,0.7185558315655292
7,1,0.01,0.26,0.874,0.591176984154054,0.8918095082936416,0.05567012929140533
7,1,0.11,0.26,0.874,0.18873338481743307,1.043295567385058,0.41284705885157846
7,1,0.21000000000000002,0.26,0.874,0.4706406984892719,0.9236359907319848,0.33114719102659707
7,1,0.31000000000000005,0.26,0.874,0.3946706948649897,0.9516574760878815,0.40966903309846936
7,1,0.41000000000000003,0.26,0.874,0.4014352346456359,0.9888825919506361,0.4607588187845584
7,1,0.51,0.26,0.874,0.2944004505075914,1.173760227041332,0.5428918349413654
7,1,0.6100000000000001,0.26,0.874,0.40661538635745537,0.8273084912395492,0.49807660981757557
7,1,0.7100000000000001,0.26,0.874,0.42843947000659666,0.9369824413617351,0.5789652606739176
7,1,0.81,0.26,0.874,0.3976699249366639,1.0736843095937265,0.6564968134608369
7,1,0.91,0.26,0.874,0.3931471420659408,0.9376294103142218,0.6995589424011595
8,1,0.01,0.26,0.874,0.36572491616350455,0.7552203659163969,0.12332691108701484
8,1,0.11,0.26,0.874,0.3097601820446044,0.9054849563618048,0.32149432351067836
8,1,0.21000000000000002,0.26,0.874,0.3338928969181809,0.8140097811236113,0.34340292550535534
8,1,0.31000000000000005,0.26,0.874,0.2714447352794964,0.880674785690675,0.4147762498759692
8,1,0.41000000000000003,0.26,0.874,0.5077517839408852,0.7644980792112226,0.3885669842515796
8,1,0.51,0.26,0.874,0.4312764835535333,0.8702725837848331,0.46961363161517933
8,1,0.6100000000000001,0.26,0.874,0.4150970097330693,0.7538690355182236,0.4758042495585956
8,1,0.7100000000000001,0.26,0.874,0.25372813638053787,0.8288263543353354,0.509858601083703
8,1,0.81,0.26,0.874,0.2505102123801945,0.8219250102502276,0.5416870629308079
8,1,0.91,0.26,0.874,0.4806888815803534,0.6664517437591103,0.669594372735527
9,1,0.01,0.26,0.874,0.41240322506965676,0.8126898813695365,0.1088591221867964
9,1,0.11,0.26,0.874,0.4103308818332625,0.7413310313992302,0.23917576680063504
9,1,0.21000000000000002,0.26,0.874,0.35829926676194734,0.6964296427119869,0.3022706832790971
9,1,0.31000000000000005,0.26,0.874,0.3684998946940276,0.6006693702459128,0.30905210971393554
9,1,0.41000000000000003,0.26,0.874,0.3951785272156507,0.5585823374923926,0.3260325601162385
9,1,0.51,0.26,0.874,0.3366501935667492,0.54280009454388,0.35490524532662693
9,1,0.6100000000000001,0.26,0.874,0.32620205562828164,0.5465842018314175,0.38742413583219737
9,1,0.7100000000000001,0.26,0.874,0.4377280335625699,0.6200258918598613,0.4784984331521187
9,1,0.81,0.26,0.874,0.3702215801431484,0.4480537706760063,0.4338851827989373
9,1,0.91,0.26,0.874,0.5992064089814788,0.7645419635512875,0.7535927620477257
10,1,0.01,0.26,0.874,0.24091910545756173,0.832028662324934,0.21569365508223748
10,1,0.11,0.26,0.874,0.26024104055424213,0.9224683645575799,0.348690819533659
10,1,0.21000000000000002,0.26,0.874,0.18625612543386047,0.85096618605806,0.39935379402433285
10,1,0.31000000000000005,0.26,0.874,0.3437682398637613,0.851668313205094,0.3927866232118114
10,1,0.41000000000000003,0.26,0.874,0.358846660460435,0.857147067083548,0.4292887725820763
10,1,0.51,0.26,0.874,0.25340551904400965,0.8873260971312374,0.4726759613389963
10,1,0.6100000000000001,0.26,0.874,0.15133809073250898,1.115014186050384,0.5440263113918039
10,1,0.7100000000000001,0.26,0.874,0.2002891998390215,0.9481544940843494,0.5314827777568244
10,1,0.81,0.26,0.874,0.29585005518480867,0.8731271410918422,0.5728066474341899
10,1,0.91,0.26,0.874,0.1977805292281839,0.9152215741589578,0.5912180111539685
11,1,0.01,0.26,0.874,0.1597386539191743,0.7778594390180275,0.27185572608909375
11,1,0.11,0.26,0.874,0.24205961245832566,1.030399130430668,0.3831645537950757
11,1,0.21000000000000002,0.26,0.874,0.16533822924584443,0.8387857118590327,0.4025477030657521
11,1,0.31000000000000005,0.26,0.874,-0.09856484476038932,0.9684583282225527,0.5117013156963569
11,1,0.41000000000000003,0.26,0.874,0.14689429035079354,0.9154368534575941,0.46460472191065655
11,1,0.51,0.26,0.874,0.10172591699608038,0.859304707678422,0.4631762649989005
11,1,0.6100000000000001,0.26,0.874,0.04163294951878013,1.150856285916871,0.5396985616107598
11,1,0.7100000000000001,0.26,0.874,0.15673223885547227,0.8048111177805501,0.48080640631941646
11,1,0.81,0.26,0.874,-0.010335603924194664,0.794599783608382,0.43907833145591635
11,1,0.91,0.26,0.874,0.1376918123031053,0.9578243707354777,0.5684371846197486
12,1,0.01,0.26,0.874,0.24405133956841762,0.9253431486591609,0.23164678786052365
12,1,0.11,0.26,0.874,0.25512919384957167,0.8872599413859569,0.3423078754222814
12,1,0.21000000000000002,0.26,0.874,0.17529173814808907,0.8235629399731639,0.3949949604627677
12,1,0.31000000000000005,0.26,0.874,0.11732280326099156,0.8590159355651865,0.4388476692228511
12,1,0.41000000000000003,0.26,0.874,-0.012382602461662867,1.0212375104308005,0.506380147684523
12,1,0.51,0.26,0.874,0.06017292437232802,0.8800330996627712,0.46869387598228807
12,1,0.6100000000000001,0.26,0.874,-0.031375326442217105,0.9127140016842556,0.4736825277428268
12,1,0.7100000000000001,0.26,0.874,0.08262812777337214,1.0292918545525234,0.5256910931965272
12,1,0.81,0.26,0.874,0.21076701254336305,0.8056913773704338,0.5223749953983957
12,1,0.91,0.26,0.874,0.15886305943395285,0.852983506629018,0.5519459014067629
13,1,0.01,0.26,0.874,0.3232835764456378,0.7673423108689991,0.14800317700882581
13,1,0.11,0.26,0.874,0.19093246566684946,0.7794311739280148,0.34335441334513883
13,1,0.21000000000000002,0.26,0.874,0.46913723388881345,0.6566085977054095,0.2607182038415155
13,1,0.31000000000000005,0.26,0.874,0.45218216892236085,0.6405150312637387,0.3084699082314716
13,1,0.41000000000000003,0.26,0.874,0.37729437419426215,0.894026157236809,0.437985379548109
13,1,0.51,0.26,0.874,0.40195307642044575,0.8343731845579226,0.45884476063202717
13,1,0.6100000000000001,0.26,0.874,0.2947525966558516,0.789130026958188,0.47377964175770254
13,1,0.7100000000000001,0.26,0.874,0.16321692971735446,0.7501093127420668,0.46471015007886984
13,1,0.81,0.26,0.874,0.22628522947431645,0.820070497312418,0.532392297047242
13,1,0.91,0.26,0.874,0.2830474818052856,0.7118947948099856,0.5781158185618761
14,1,0.01,0.26,0.874,0.31831236861955636,1.0424117049775123,0.19448191023438224
14,1,0.11,0.26,0.874,0.32783727220422487,1.11058274599539,0.3588088129163028
14,1,0.21000000000000002,0.26,0.874,0.24245161269779802,0.8094374596685169,0.3698999458745874
14,1,0.31000000000000005,0.26,0.874,0.23730197466319874,0.9284536852307097,0.43435495829508464
14,1,0.41000000000000003,0.26,0.874,0.4460587015364569,0.8520623827695903,0.4200798865944112
14,1,0.51,0.26,0.874,0.3281699182120033,1.1224466905976604,0.5321155733880703
14,1,0.6100000000000001,0.26,0.874,0.3116812832079027,0.92164863135751,0.5144528786683001
14,1,0.7100000000000001,0.26,0.874,0.3980312289953398,1.143535942353378,0.6202279761656097
14,1,0.81,0.26,0.874,0.325650534229639,0.9346612888217155,0.5997984807518717
14,1,0.91,0.26,0.874,0.3042189964480128,1.0773165526108766,0.6853189948247256
15,1,0.01,0.26,0.874,0.6666543389332257,0.9210536095447441,0.04126525326553738
15,1,0.11,0.26,0.874,0.6775397910627707,0.7566702664215872,0.1550685810268638
15,1,0.21000000000000002,0.26,0.874,0.5400914475041431,0.8262504034193593,0.287729226952672
15,1,0.31000000000000005,0.26,0.874,0.6071933423867646,0.7922131505980858,0.3276678809307675
15,1,0.41000000000000003,0.26,0.874,0.5931564102989849,1.0125196849114946,0.44931310025882965
15,1,0.51,0.26,0.874,0.532794926499757,1.0073177000512372,0.507150936106993
15,1,0.6100000000000001,0.26,0.874,0.5052835814260537,0.9396755816690715,0.5408584204947592
15,1,0.7100000000000001,0.26,0.874,0.5252215247145355,0.8928897231259485,0.5883098540545575
15,1,0.81,0.26,0.874,0.6538051874380869,1.01363155626994,0.7234347660523935
15,1,0.91,0.26,0.874,0.4781423198297924,0.871959827559126,0.7249669602656185
16,1,0.01,0.26,0.874,0.25434732917694225,0.6236848275639205,0.16234718092534797
16,1,0.11,0.26,0.874,0.2646434084400328,0.9231876256593837,0.3467799476458096
16,1,0.21000000000000002,0.26,0.874,0.34755270978984254,0.8029064070787938,0.3362616275451914
16,1,0.31000000000000005,0.26,0.874,0.2255954575454621,0.8971552325213467,0.4282414403993567
16,1,0.41000000000000003,0.26,0.874,0.07109682477885718,0.8049655084149693,0.4395884116704397
16,1,0.51,0.26,0.874,0.11666772046961596,0.860586225862854,0.4636954694613416
16,1,0.6100000000000001,0.26,0.874,0.14079074266821434,0.7964974304347507,0.4589540892593581
16,1,0.7100000000000001,0.26,0.874,0.2685890045948176,0.7929332503264863,0.5021185061793954
16,1,0.81,0.26,0.874,0.18048223832632102,0.6847710544052508,0.4707908850019252
16,1,0.91,0.26,0.874,0.14279472084576306,0.7970324511303057,0.525855658779431
17,1,0.01,0.26,0.874,0.47332043870455554,0.8235213738312667,0.08555718761711557
17,1,0.11,0.26,0.874,0.25770959131169957,0.9964698585309838,0.3676433089029324
17,1,0.21000000000000002,0.26,0.874,0.23911832157193771,0.8804070551815868,0.39074425458457185
17,1,0.31000000000000005,0.26,0.874,0.32928769780691824,0.9091153572074104,0.4112615284434792
17,1,0.41000000000000003,0.26,0.874,0.35308230812835245,0.9168496022125938,0.44637662855442506
17,1,0.51,0.26,0.874,0.3821191660950108,0.966566879386684,0.4953206415912504
17,1,0.6100000000000001,0.26,0.874,0.40172207074161326,0.8169912875676753,0.4943923207344407
17,1,0.7100000000000001,0.26,0.874,0.3527572044910593,0.9075405295822571,0.5544917393994595
17,1,0.81,0.26,0.874,0.20517076297240316,1.0169021910368423,0.5779248910517079
17,1,0.91,0.26,0.874,0.4888499265306808,0.9757475058158267,0.7514702073837155
18,1,0.01,0.26,0.874,0.3748045657422111,0.7864032096398963,0.12319053073729193
18,1,0.11,0.26,0.874,0.46331491164742433,0.8297925307073868,0.23953125581397083
18,1,0.21000000000000002,0.26,0.874,0.3636236240462911,0.838850184486192,0.34130202467958987
18,1,0.31000000000000005,0.26,0.874,0.04610308339310232,0.972816866100668,0.4838937250911452
18,1,0.41000000000000003,0.26,0.874,0.38972670298276896,0.7501912732025287,0.39429968298441925
18,1,0.51,0.26,0.874,0.426206676042851,0.7748951721660473,0.44078495231915965
18,1,0.6100000000000001,0.26,0.874,0.45450777932291786,0.9706727557022321,0.5432766920774954
18,1,0.7100000000000001,0.26,0.874,0.4408410345374127,0.7901003478510259,0.5396979459854804
18,1,0.81,0.26,0.874,0.44119390400258884,0.9156235659978641,0.6345034065820879
18,1,0.91,0.26,0.874,0.31917141045726216,0.9896308103478062,0.674371239645598
19,1,0.01,0.26,0.874,0.229500437268903,0.8268512196332528,0.2236167689829565
19,1,0.11,0.26,0.874,0.42276265598297624,0.8213849064392161,0.2533828951817016
19,1,0.21000000000000002,0.26,0.874,0.4640224406335629,0.8776487361604824,0.32184540366834347
19,1,0.31000000000000005,0.26,0.874,0.3289359592944908,0.8335971654190213,0.39050427507082697
19,1,0.41000000000000003,0.26,0.874,0.42283998727285127,0.9073471454281347,0.4375455650304378
19,1,0.51,0.26,0.874,0.33220788327219875,0.8936257544403293,0.4752257731199977
19,1,0.6100000000000001,0.26,0.874,0.3875689222316246,0.8527421762072108,0.5035165124546175
19,1,0.7100000000000001,0.26,0.874,0.4748419837379093,0.7615032659044476,0.5381022668037436
19,1,0.81,0.26,0.874,0.24740254512623536,0.7791172641999913,0.5272585702916913
19,1,0.91,0.26,0.874,0.16220720025407562,0.8643757598406271,0.5571344940858073
20,1,0.01,0.26,0.874,0.22897254244870158,1.0418287496072054,0.2667492420277794
20,1,0.11,0.26,0.874,-0.07566857955433517,0.961987006048389,0.5298268124956188
20,1,0.21000000000000002,0.26,0.874,-0.04732970824951707,1.1541206805502895,0.5513302923358796
20,1,0.31000000000000005,0.26,0.874,0.007208881162651448,1.1380275412509302,0.5308429327976748
20,1,0.41000000000000003,0.26,0.874,0.07696955153569864,1.1067388053760372,0.518342621271072
20,1,0.51,0.26,0.874,0.07750330227782243,1.0588128905195004,0.5150576732875476
20,1,0.6100000000000001,0.26,0.874,0.15054272124627935,1.0059750320212155,0.5183160133257568
20,1,0.7100000000000001,0.26,0.874,0.03959356112171827,1.0910035883059157,0.530599073622536
20,1,0.81,0.26,0.874,0.08159659156069912,1.0930916625739855,0.551646623221385
20,1,0.91,0.26,0.874,-0.04088850552755299,1.1738122654003642,0.5164080372335017
21,1,0.01,0.26,0.874,0.14558211387954095,0.7862612820549858,0.2871157985656331
21,1,0.11,0.26,0.874,0.3301830463332044,0.8285614922301322,0.29351121292626275
21,1,0.21000000000000002,0.26,0.874,0.17358385102100915,0.968601987531086,0.4348998609412368
21,1,0.31000000000000005,0.26,0.874,0.2140757368494581,0.8709486702596534,0.423246951435327
21,1,0.41000000000000003,0.26,0.874,0.29422497407805737,0.8479940591104925,0.43242368585821495
21,1,0.51,0.26,0.874,0.2937749422611383,0.7918970319988962,0.4448326783879438
21,1,0.6100000000000001,0.26,0.874,0.2583483574746157,0.7817227885359286,0.46737324841130273
21,1,0.7100000000000001,0.26,0.874,0.18006702148443424,0.8192035040115881,0.49045275833217544
21,1,0.81,0.26,0.874,0.17004803703927604,0.7651633364736318,0.49472655250120634
21,1,0.91,0.26,0.874,0.20645016997646326,0.9817009378080619,0.612820049733288
22,1,0.01,0.26,0.874,0.28805817707734,0.9002059340512266,0.19328672902533373
22,1,0.11,0.26,0.874,0.23324147782294827,0.6804486110138922,0.29470308349721536
22,1,0.21000000000000002,0.26,0.874,0.18951023511633203,0.8175954790086095,0.3887725890316813
22,1,0.31000000000000005,0.26,0.874,0.20562712867585747,0.715315848016949,0.3776447052613116
22,1,0.41000000000000003,0.26,0.874,0.34857668034298506,0.9415204681344586,0.45335378071359467
22,1,0.51,0.26,0.874,0.1262256793839143,0.9843557298523554,0.4973204674915826
22,1,0.6100000000000001,0.26,0.874,0.296299492342632,0.8289260266494356,0.48623198718720645
22,1,0.7100000000000001,0.26,0.874,0.1082042898671705,0.8554346842366262,0.48518904886042225
22,1,0.81,0.26,0.874,0.3328495374706683,0.8189797592837652,0.5702666863843454
22,1,0.91,0.26,0.874,0.05084803173004013,0.8493009423646128,0.4885775111461334
23,1,0.01,0.26,0.874,0.2484119129743567,0.7592816954640718,0.19515353221904916
23,1,0.11,0.26,0.874,0.13549771902001811,1.0705463875973802,0.44642607311156024
23,1,0.21000000000000002,0.26,0.874,0.12270388313506128,0.9134628194742465,0.4370640514372216
23,1,0.31000000000000005,0.26,0.874,0.28873585196100826,0.9215525803092919,0.42245130540511194
23,1,0.41000000000000003,0.26,0.874,0.17396448780358897,1.037822622580974,0.49345233329131266
23,1,0.51,0.26,0.874,0.06284768133867502,1.0329580225051374,0.5087343102402102
23,1,0.6100000000000001,0.26,0.874,0.04363621865946836,0.8936212561041349,0.4767781605861034
23,1,0.7100000000000001,0.26,0.874,-0.02333779622233889,1.0455611653952837,0.5059140869797788
23,1,0.81,0.26,0.874,0.08903043585175077,0.9357189470181886,0.5156586078417363
23,1,0.91,0.26,0.874,0.007653338537220944,0.9293662263268464,0.48611722646730404
24,1,0.01,0.26,0.874,0.24136871102917956,1.0024029246377208,0.24848323988645885
24,1,0.11,0.26,0.874,0.10792462038691708,0.8096963627139506,0.39251841667492854
24,1,0.21000000000000002,0.26,0.874,0.016859187791457342,0.8791301790077998,0.46228192667880896
24,1,0.31000000000000005,0.26,0.874,-0.004917677778950635,0.8728588216839086,0.4670362025102343
24,1,0.41000000000000003,0.26,0.874,0.4106607382135563,0.8164435440170483,0.41283356252877174
24,1,0.51,0.26,0.874,0.2763613425178217,0.8507509735765603,0.4624259969044409
24,1,0.6100000000000001,0.26,0.874,0.07867170352347048,0.7989315257030427,0.45281848801476116
24,1,0.7100000000000001,0.26,0.874,0.013979911466770772,1.016556596636553,0.5072341002163454
24,1,0.81,0.26,0.874,0.22510898327568035,0.8772226776260674,0.5486991007698007
24,1,0.91,0.26,0.874,0.04429603130980607,0.8233925182716428,0.4770567705083184
25,1,0.01,0.26,0.874,0.08278674946459823,0.8194493099830451,0.35903895895313115
25,1,0.11,0.26,0.874,0.15144821413483797,0.8606107297474654,0.38538529007322125
25,1,0.21000000000000002,0.26,0.874,0.22741603012383171,0.9881553661151419,0.4223278418499697
25,1,0.31000000000000005,0.26,0.874,0.20348409168151352,0.8678350848173576,0.42444188129505406
25,1,0.41000000000000003,0.26,0.874,0.12296215084272671,1.1583511009814613,0.5255386468960216
25,1,0.51,0.26,0.874,0.11726068783405334,1.0126897612860573,0.5043251356273685
25,1,0.6100000000000001,0.26,0.874,0.01006925472081191,0.9070621101459432,0.47675670172167023
25,1,0.7100000000000001,0.26,0.874,0.24845247926262193,0.840677447580513,0.5122258524254121
25,1,0.81,0.26,0.874,0.2987468436689687,0.891788535075155,0.5789975810607948
25,1,0.91,0.26,0.874,0.12776538495179982,1.009584100472297,0.5756987743109266
26,1,0.01,0.26,0.874,0.3348648987721402,0.9758259006763936,0.1731857374662589
26,1,0.11,0.26,0.874,0.27372096903112675,1.1538923269777472,0.39433199226041293
26,1,0.21000000000000002,0.26,0.874,0.34071210138321306,0.8677118809767923,0.35587490487821943
26,1,0.31000000000000005,0.26,0.874,0.38600687163058817,0.9238347403401942,0.4041811224526535
26,1,0.41000000000000003,0.26,0.874,0.33420495600871064,0.8762806368816154,0.4369110673687713
26,1,0.51,0.26,0.874,0.3359265430196162,0.9627705501255669,0.4938749795282128
26,1,0.6100000000000001,0.26,0.874,0.23128630420952867,0.7688692733397922,0.46023984446946353
26,1,0.7100000000000001,0.26,0.874,0.38131740831488015,0.7118977497883474,0.5004011340485817
26,1,0.81,0.26,0.874,0.34863223142249833,1.0773727891564777,0.6410779351798219
26,1,0.91,0.26,0.874,0.16929139274929078,0.8990253577780823,0.5708290470180145
27,1,0.01,0.26,0.874,0.17867754805798577,1.056880373720798,0.31740498437699066
27,1,0.11,0.26,0.874,0.14319672790871524,1.0354314567891403,0.4342408612635357
27,1,0.21000000000000002,0.26,0.874,0.13098279240041644,1.0056241642421742,0.4581148844768832
27,1,0.31000000000000005,0.26,0.874,0.1301871841889963,1.1326858129656494,0.5051064123225346
27,1,0.41000000000000003,0.26,0.874,0.29703681877991445,1.0001985028769613,0.47304799125761604
27,1,0.51,0.26,0.874,0.2773532300922189,1.093667113261858,0.5251367862625178
27,1,0.6100000000000001,0.26,0.874,0.1720763568531089,1.3369689669949418,0.5908250038460404
27,1,0.7100000000000001,0.26,0.874,0.1671083328511067,1.1225844817160633,0.5659288088390787
27,1,0.81,0.26,0.874,0.22859946222366037,1.1695181812495827,0.6196501127432443
27,1,0.91,0.26,0.874,0.2456045468647162,1.0470594756830107,0.6489039769744906
28,1,0.01,0.26,0.874,0.27989855412722464,0.7337880596053624,0.16858311530388595
28,1,0.11,0.26,0.874,0.19614597217218163,0.7621487169578327,0.33588108899771896
28,1,0.21000000000000002,0.26,0.874,0.11404971815269876,0.886653919506827,0.4325614872476691
28,1,0.31000000000000005,0.26,0.874,0.25783954187323255,0.9064037979886662,0.42444001319618374
28,1,0.41000000000000003,0.26,0.874,0.2375216304614418,0.7615381351984076,0.4112344229754734
28,1,0.51,0.26,0.874,-0.002582893595265312,1.0505214730360017,0.5122933600482655
28,1,0.6100000000000001,0.26,0.874,0.19827911180932062,0.7988924525356139,0.46609305123729217
28,1,0.7100000000000001,0.26,0.874,0.22301477913490036,0.8345690307654633,0.5047108749243757
28,1,0.81,0.26,0.874,0.3067014130033646,0.9783813784088917,0.6041684821406966
28,1,0.91,0.26,0.874,0.25447523161630886,0.7691536203120125,0.5808584054272834
29,1,0.01,0.26,0.874,0.10750376200276371,1.0771659298182494,0.39659829920913237
29,1,0.11,0.26,0.874,0.056759379719723085,0.8790980691809165,0.4384320391615024
29,1,0.21000000000000002,0.26,0.874,0.07100361531038674,0.8666692382473149,0.44098329268734543
29,1,0.31000000000000005,0.26,0.874,0.13099856548717592,1.0165806101900583,0.4779219088949488
29,1,0.41000000000000003,0.26,0.874,0.18580797993448622,1.055066030344936,0.4964939778315246
29,1,0.51,0.26,0.874,0.19940287530806045,1.1602942500534552,0.5390828138991967
29,1,0.6100000000000001,0.26,0.874,0.09528493188535427,0.904032313012511,0.4854371049255824
29,1,0.7100000000000001,0.26,0.874,0.05566250426591081,1.0548409506862741,0.5257844359242783
29,1,0.81,0.26,0.874,0.08436218577005339,0.8767578784678336,0.4977004221598255
29,1,0.91,0.26,0.874,0.171798799420592,1.0343502852727586,0.6061728786639108
30,1,0.01,0.26,0.874,0.2744097744114018,0.8211941812485677,0.1887823722544513
30,1,0.11,0.26,0.874,0.2132942723452314,0.8046411631008442,0.3399982621161975
30,1,0.21000000000000002,0.26,0.874,0.27815283607405583,0.8741303231454933,0.3768223991746579
30,1,0.31000000000000005,0.26,0.874,0.3237792427252809,0.8506912396332887,0.39633297522536703
30,1,0.41000000000000003,0.26,0.874,0.18960692422548464,0.9820136376931524,0.4782236746911391
30,1,0.51,0.26,0.874,0.30349481315780485,0.9212690310024694,0.48254165853413744
30,1,0.6100000000000001,0.26,0.874,0.12539934868888708,0.6470835362994702,0.4063229449746844
30,1,0.7100000000000001,0.26,0.874,0.2409659619854746,0.8495238644636228,0.5131664135443117
30,1,0.81,0.26,0.874,0.32465518884225775,0.8112016424496857,0.565008603546439
30,1,0.91,0.26,0.874,0.175404823160912,0.9263581693757525,0.5815959568777103
1,2,0.01,0.46,0.874,0.4329906166926762,0.9243474466737909,0.11221518842666373
1,2,0.11,0.46,0.874,0.4261869275732141,1.0734454607440163,0.30572693962192
1,2,0.21000000000000002,0.46,0.874,0.4403480316411847,0.9741741609369864,0.3521519362531702
1,2,0.31000000000000005,0.46,0.874,0.6219385134556985,1.0969282580133104,0.4000849344007927
1,2,0.41000000000000003,0.46,0.874,0.47714879185289594,0.7919277711332751,0.3996435039177062
1,2,0.51,0.46,0.874,0.35365195601342525,1.0296843723773519,0.5108483686181701
1,2,0.6100000000000001,0.46,0.874,0.4700046840599429,0.9663982540424334,0.5439015520773779
1,2,0.7100000000000001,0.46,0.874,0.15480381832127377,1.1796045315252413,0.5753682893408214
1,2,0.81,0.46,0.874,0.49188175046704297,1.132608218610388,0.6979925354540968
1,2,0.91,0.46,0.874,0.629145897476021,0.9651277867160678,0.8053570961020092
2,2,0.01,0.46,0.874,0.16032214913403875,1.1404893229528912,0.35314530420692286
2,2,0.11,0.46,0.874,0.5212725905179426,1.0060508983542533,0.252785051768132
2,2,0.21000000000000002,0.46,0.874,0.4633916158307984,1.019062674394981,0.35547101744893217
2,2,0.31000000000000005,0.46,0.874,0.5166132197984752,0.8049404023971873,0.34743361868519484
2,2,0.41000000000000003,0.46,0.874,0.42560004282746544,1.000931186640685,0.46158263715654485
2,2,0.51,0.46,0.874,0.4924056518885357,0.9648743837995187,0.49598545990180043
2,2,0.6100000000000001,0.46,0.874,0.5815967749225617,0.9849752222902413,0.5609495264062514
2,2,0.7100000000000001,0.46,0.874,0.5613747815584589,0.962202784705997,0.6139901428446015
2,2,0.81,0.46,0.874,0.3894170530458838,0.993961357328842,0.6361289483088193
2,2,0.91,0.46,0.874,0.5226720986388781,0.9969103150800628,0.7696219838650402
3,2,0.01,0.46,0.874,0.45076834956267603,0.8796402864932038,0.09978849804038457
3,2,0.11,0.46,0.874,0.4835846986832191,0.8315209659253145,0.23226794063072398
3,2,0.21000000000000002,0.46,0.874,0.4747588528062504,0.7848629150499792,0.2949908844453036
3,2,0.31000000000000005,0.46,0.874,0.5212614712759582,0.7235649716107376,0.32286501842759013
3,2,0.41000000000000003,0.46,0.874,0.46617009080023164,0.627124202886148,0.34608783426593237
3,2,0.51,0.46,0.874,0.37349697777608976,0.8398340137433544,0.4601822097910579
3,2,0.6100000000000001,0.46,0.874,0.3684117903952008,0.883416322822436,0.5102076796021813
3,2,0.7100000000000001,0.46,0.874,0.5978391629270157,0.810576128916114,0.5806118591127937
3,2,0.81,0.46,0.874,0.34358690371240647,0.6304961216821746,0.5092380065580899
3,2,0.91,0.46,0.874,0.5959503926886789,0.7390962939150977,0.7458281466579617
4,2,0.01,0.46,0.874,0.6052602004540845,0.9662510880067827,0.05648832737517184
4,2,0.11,0.46,0.874,0.23980713767213382,1.1198186944160125,0.4041487996705117
4,2,0.21000000000000002,0.46,0.874,0.6592861553961973,1.139866354810462,0.3224371767616579
4,2,0.31000000000000005,0.46,0.874,0.5582066819190913,0.9070366576321249,0.36721008575974623
4,2,0.41000000000000003,0.46,0.874,0.433694579999006,1.036668406546696,0.4695781996504665
4,2,0.51,0.46,0.874,0.36022829474955376,1.1198249649051681,0.5318526661155242
4,2,0.6100000000000001,0.46,0.874,0.5551005132724096,1.1051042434662355,0.5861914245001135
4,2,0.7100000000000001,0.46,0.874,0.679868640188303,1.1380339175069107,0.6765683512678611
4,2,0.81,0.46,0.874,0.39065743777415873,1.2131477000456319,0.6812833090388726
4,2,0.91,0.46,0.874,0.5415321493267935,1.0180233722930485,0.7808746287405895
5,2,0.01,0.46,0.874,0.3360643472101186,0.6264166270113077,0.11794920871195602
5,2,0.11,0.46,0.874,0.39858001245791824,0.7687774559701672,0.25043730415654497
5,2,0.21000000000000002,0.46,0.874,0.3022798917875878,0.852427564629817,0.3635092011793249
5,2,0.31000000000000005,0.46,0.874,0.3737269065075983,0.7817250983225366,0.36696058382484825
5,2,0.41000000000000003,0.46,0.874,0.2902684892862275,0.731619537987547,0.3969613578740533
5,2,0.51,0.46,0.874,0.48701195333159764,0.6528639635640205,0.3996548547095069
5,2,0.6100000000000001,0.46,0.874,0.364480581957147,0.6083791893916637,0.41728705890974077
5,2,0.7100000000000001,0.46,0.874,0.37886877749429926,0.8195315431714314,0.5349953546711734
5,2,0.81,0.46,0.874,0.33088808004365916,0.8041226726597435,0.5650756823034038
5,2,0.91,0.46,0.874,0.37751184709606633,0.6284549000939573,0.6008321447738693
6,2,0.01,0.46,0.874,0.4962602560187851,1.0887576203139657,0.10016991067578844
6,2,0.11,0.46,0.874,0.47967747441898373,0.954654312093939,0.2593619649867821
6,2,0.21000000000000002,0.46,0.874,0.5129761958176373,0.9564598692838067,0.3264750204073409
6,2,0.31000000000000005,0.46,0.874,0.3433140903211292,0.9101368594086934,0.40881832093433285
6,2,0.41000000000000003,0.46,0.874,0.4558911385129857,0.8630162589506907,0.4223215670896652
6,2,0.51,0.46,0.874,0.6526736154543042,0.9143115625904163,0.4841369602181757
6,2,0.6100000000000001,0.46,0.874,0.41856240238723547,0.8661629529482187,0.5108847440100044
6,2,0.7100000000000001,0.46,0.874,0.4167200589412966,1.0251234646407754,0.5981920339966186
6,2,0.81,0.46,0.874,0.5223216394206596,0.9706750668233048,0.6742801865441532
6,2,0.91,0.46,0.874,0.4551633950550613,1.092399332630855,0.7579473076807035
7,2,0.01,0.46,0.874,0.5089120790973671,0.7691798444054737,0.0690777894875178
7,2,0.11,0.46,0.874,0.5292741400657399,0.8310039742996382,0.21556590085693977
7,2,0.21000000000000002,0.46,0.874,0.5861334801289882,0.9832122543191195,0.3114147723097545
7,2,0.31000000000000005,0.46,0.874,0.600329483604497,0.7624286662019172,0.3204767902564554
7,2,0.41000000000000003,0.46,0.874,0.5011052959326748,0.8743160939479306,0.4214806116025049
7,2,0.51,0.46,0.874,0.5151874644624753,0.8617987778381118,0.4680129389001323
7,2,0.6100000000000001,0.46,0.874,0.5945403982088722,0.7719897537393396,0.5017902880580217
7,2,0.7100000000000001,0.46,0.874,0.615950204117352,0.8622690872924575,0.5994860471917678
7,2,0.81,0.46,0.874,0.5506143241593902,0.8547113788500055,0.655070979488665
7,2,0.91,0.46,0.874,0.701519766460539,0.9208833071241801,0.8235575516191875
8,2,0.01,0.46,0.874,0.8578388211899785,0.6950705615481055,0.013312970555774318
8,2,0.11,0.46,0.874,0.7094627442382392,0.7349191854447398,0.14291370102313541
8,2,0.21000000000000002,0.46,0.874,0.6992609872028727,0.648514054089806,0.20431503268582912
8,2,0.31000000000000005,0.46,0.874,0.7478983968747959,0.680186596652029,0.27213921338064234
8,2,0.41000000000000003,0.46,0.874,0.5711451007401205,0.6958813647609183,0.3611322744747136
8,2,0.51,0.46,0.874,0.8018318250460075,0.7409553350241033,0.43346264863787287
8,2,0.6100000000000001,0.46,0.874,0.6518171224466288,0.6611804683771645,0.46949725253122426
8,2,0.7100000000000001,0.46,0.874,0.7138137147906072,0.683595776113668,0.5643287203905029
8,2,0.81,0.46,0.874,0.6833880852581264,0.7662402719660791,0.6736323960239824
8,2,0.91,0.46,0.874,0.5969772092380964,0.6872251686479417,0.7322550510187215
9,2,0.01,0.46,0.874,0.6347160312698826,0.8729321766493542,0.045109937478919476
9,2,0.11,0.46,0.874,0.7982864186548286,1.0013232411983815,0.15873269116088048
9,2,0.21000000000000002,0.46,0.874,0.4562998525327815,1.2086730474441127,0.3977042012809009
9,2,0.31000000000000005,0.46,0.874,0.6682716341289087,1.0022072069186283,0.36993579634475116
9,2,0.41000000000000003,0.46,0.874,0.47522690556099634,0.9352757185735292,0.44031591149352683
9,2,0.51,0.46,0.874,0.6004704267036043,0.9044193572394998,0.4808992709387514
9,2,0.6100000000000001,0.46,0.874,0.6186371725545342,1.0189577610105598,0.5733431316218907
9,2,0.7100000000000001,0.46,0.874,0.5533811485176027,0.9369784423630969,0.6059676640760827
9,2,0.81,0.46,0.874,0.6110049838968875,0.8451799292457484,0.6721130571535338
9,2,0.91,0.46,0.874,0.48927591201590653,1.2121368889107176,0.78991127141945106
10,2,0.01,0.46,0.874,0.33247577319506916,0.7918095041592418,0.1466400536258821
10,2,0.11,0.46,0.874,0.6522294842291514,0.6064514777288975,0.13426382056976147
10,2,0.21000000000000002,0.46,0.874,0.5731058495577352,0.7883862414629157,0.26951401348853604
10,2,0.31000000000000005,0.46,0.874,0.4292327329291925,0.8761305352915216,0.38327331989672586
10,2,0.41000000000000003,0.46,0.874,0.5934487863961179,0.7196872499278019,0.3670407079359875
10,2,0.51,0.46,0.874,0.5473411425898698,0.7850624494991166,0.44519719009877134
10,2,0.6100000000000001,0.46,0.874,0.6453172940275054,0.776893689722448,0.5090506489763148
10,2,0.7100000000000001,0.46,0.874,0.3754342402506444,0.9868103116427724,0.5800260631185127
10,2,0.81,0.46,0.874,0.43318283603008073,0.7204851037280141,0.5745131592046455
10,2,0.91,0.46,0.874,0.3831445595993951,0.8210204702544763,0.6657999311359339
11,2,0.01,0.46,0.874,0.5898636042051981,0.7156239471391573,0.0454297344912046
11,2,0.11,0.46,0.874,0.6037716990856752,0.8256681332174196,0.18940320368782765
11,2,0.21000000000000002,0.46,0.874,0.5848498899159482,0.8267131417582319,0.2758422735479713
11,2,0.31000000000000005,0.46,0.874,0.5789333152232881,0.8745522586734504,0.3549710535956952
11,2,0.41000000000000003,0.46,0.874,0.35919688364454455,0.9318711347842411,0.44984524927113767
11,2,0.51,0.46,0.874,0.45733255006428963,0.9189189958281588,0.48344066767364346
11,2,0.6100000000000001,0.46,0.874,0.614291977993934,0.7723724689894791,0.5041228902230896
11,2,0.7100000000000001,0.46,0.874,0.42365742042277627,1.1107360640482162,0.6187766623042564
11,2,0.81,0.46,0.874,0.44658179166440465,1.0820313803998767,0.6740122153904193
11,2,0.91,0.46,0.874,0.669626374816185,0.8086299153449076,0.7919726083731968
12,2,0.01,0.46,0.874,0.470245663870102,1.0893392386986422,0.11152439099009491
12,2,0.11,0.46,0.874,0.4477383544034689,0.7825144759315403,0.23480993839801376
12,2,0.21000000000000002,0.46,0.874,0.502788330107878,0.9199250124909529,0.32090407229731455
12,2,0.31000000000000005,0.46,0.874,0.5342021217907547,0.7929408491879817,0.3408671986323172
12,2,0.41000000000000003,0.46,0.874,0.3554091983917502,0.918608756468419,0.4466410542566045
12,2,0.51,0.46,0.874,0.31387043378163904,0.7411662518381139,0.42874488553124807
12,2,0.6100000000000001,0.46,0.874,0.363910072573588,0.8775111368565447,0.5080282573628946
12,2,0.7100000000000001,0.46,0.874,0.42425291479710753,0.814896892944536,0.543682254078967
12,2,0.81,0.46,0.874,0.5993331237446102,0.8244632261021463,0.662849017459563
12,2,0.91,0.46,0.874,0.3535114960750796,0.9458556413956788,0.6818379606737722
13,2,0.01,0.46,0.874,0.5805401350026665,0.8840179543265974,0.05781630648020947
13,2,0.11,0.46,0.874,0.5481722261906312,0.7960741153073796,0.2019503095738768
13,2,0.21000000000000002,0.46,0.874,0.7084530586069258,0.922185312655464,0.26509430616816587
13,2,0.31000000000000005,0.46,0.874,0.5787341892654818,0.8356197942072788,0.3446504696448441
13,2,0.41000000000000003,0.46,0.874,0.7148858516848335,0.9357239338936247,0.419061189598036
13,2,0.51,0.46,0.874,0.596923308480033,0.6254474417525078,0.39045314111652
13,2,0.6100000000000001,0.46,0.874,0.46851328568268646,0.8972969881029723,0.5252792615138347
13,2,0.7100000000000001,0.46,0.874,0.5979778669209661,0.5839305733152216,0.4993616648474329
13,2,0.81,0.46,0.874,0.5811720647925811,0.8469948680424488,0.6629894326388768
13,2,0.91,0.46,0.874,0.4866805570744278,0.7999227521860341,0.7115165625411342
14,2,0.01,0.46,0.874,0.506487217795116,1.0279656293063801,0.09114054212152882
14,2,0.11,0.46,0.874,0.5656090017283134,0.7572923520700381,0.18838354169479313
14,2,0.21000000000000002,0.46,0.874,0.435908987001374,0.8252306931038395,0.31655715990589667
14,2,0.31000000000000005,0.46,0.874,0.627487418884811,0.9580746274065153,0.36704975657649985
14,2,0.41000000000000003,0.46,0.874,0.5742034490005653,0.9228221461878927,0.4281730611092353
14,2,0.51,0.46,0.874,0.556984154247056,1.1329727164753205,0.5367156033644739
14,2,0.6100000000000001,0.46,0.874,0.28631925957445153,0.992992521339197,0.5302235973035172
14,2,0.7100000000000001,0.46,0.874,0.3510093064634844,0.8339811795949665,0.5331372777806943
14,2,0.81,0.46,0.874,0.4475792652496686,0.9529532560222831,0.645840470377485
14,2,0.91,0.46,0.874,0.2576522453616842,0.923857568920435,0.6264263110041253
15,2,0.01,0.46,0.874,0.5392456037799558,0.8494637316204382,0.06654289644665598
15,2,0.11,0.46,0.874,0.40494506659966323,0.9857594947807851,0.29713501906211226
15,2,0.21000000000000002,0.46,0.874,0.5139425584016675,1.0575105921420864,0.34864106830363223
15,2,0.31000000000000005,0.46,0.874,0.5925234259542108,0.9384548835362042,0.36874374935683774
15,2,0.41000000000000003,0.46,0.874,0.4933066552895151,0.8685584016914237,0.4205619420257588
15,2,0.51,0.46,0.874,0.5773632921307467,0.9278762299746791,0.48706305900512936
15,2,0.6100000000000001,0.46,0.874,0.6479295279688572,0.8396532975154498,0.5287334521846649
15,2,0.7100000000000001,0.46,0.874,0.4667288266799011,0.929181337949572,0.5852711190519758
15,2,0.81,0.46,0.874,0.5080889582521838,0.8809700018133659,0.6479413622695692
15,2,0.91,0.46,0.874,0.538539315631805,0.7166420864168943,0.713573733011857
16,2,0.01,0.46,0.874,0.6458419196148439,0.9492145860056571,0.04653751080453665
16,2,0.11,0.46,0.874,0.553630066990446,0.8792314165422267,0.21649596922536696
16,2,0.21000000000000002,0.46,0.874,0.5662035420826,1.0801165268500348,0.33780113824529445
16,2,0.31000000000000005,0.46,0.874,0.5555168015127421,0.9889002190127829,0.3880202754283598
16,2,0.41000000000000003,0.46,0.874,0.5144017632322352,0.9237702435255174,0.43376253143047455
16,2,0.51,0.46,0.874,0.5885715540097067,0.8192187248146598,0.45614841359459707
16,2,0.6100000000000001,0.46,0.874,0.47705444289093757,1.024500612795152,0.5591215229606303
16,2,0.7100000000000001,0.46,0.874,0.4102292249323068,0.9500286807403818,0.5783612086357774
16,2,0.81,0.46,0.874,0.7628323675242035,0.9546937944607895,0.7426427806734965
16,2,0.91,0.46,0.874,0.519953689010527,0.8694539240388516,0.7432811927813913
17,2,0.01,0.46,0.874,0.4388024786349492,0.7991002225300132,0.09616173800103409
17,2,0.11,0.46,0.874,0.39991587344915414,0.8038324126457659,0.2583647833100659
17,2,0.21000000000000002,0.46,0.874,0.4382441823188558,0.7509286314651393,0.295861106731394
17,2,0.31000000000000005,0.46,0.874,0.4489090839801105,0.8478817920257101,0.37187185684245405
17,2,0.41000000000000003,0.46,0.874,0.387407251631111,1.0170438023782056,0.4690140987822758
17,2,0.51,0.46,0.874,0.3585373622208663,1.0372511547311212,0.5127266256998118
17,2,0.6100000000000001,0.46,0.874,0.6101933694119376,0.9468618990158827,0.5543703954057791
17,2,0.7100000000000001,0.46,0.874,0.5340471557646164,0.8558107995346923,0.5799264201901608
17,2,0.81,0.46,0.874,0.2980611306934985,1.0138676668369973,0.6096792263945857
17,2,0.91,0.46,0.874,0.4508927713467353,1.1634590050557414,0.7675625350393893
18,2,0.01,0.46,0.874,0.5458993449671301,0.7122204535597148,0.05479304125726501
18,2,0.11,0.46,0.874,0.5264859913440523,0.9738863944273344,0.24467699622520997
18,2,0.21000000000000002,0.46,0.874,0.25665038542105034,0.7967544559362071,0.36187130276668994
18,2,0.31000000000000005,0.46,0.874,0.45058377857836546,0.996582174156358,0.41000506048262014
18,2,0.41000000000000003,0.46,0.874,0.6407332622497335,1.0575004499890848,0.4557915772306719
18,2,0.51,0.46,0.874,0.6291685171915612,0.89746857099881,0.47926013693395114
18,2,0.6100000000000001,0.46,0.874,0.6705400442059494,0.8437506985417071,0.5324648979518137
18,2,0.7100000000000001,0.46,0.874,0.4339522064032455,0.9459149317859142,0.5824772863942136
18,2,0.81,0.46,0.874,0.6659347517739393,0.9014493273096015,0.703049265229877
18,2,0.91,0.46,0.874,0.39354995754298217,0.8499523717708133,0.6787331509097909
19,2,0.01,0.46,0.874,0.6231220132191682,0.6559544687482538,0.036089926207395345
19,2,0.11,0.46,0.874,0.6892761397884273,0.7028238272217114,0.14261394780756764
19,2,0.21000000000000002,0.46,0.874,0.42796293148231407,0.5941652427172273,0.252067320533418
19,2,0.31000000000000005,0.46,0.874,0.48695473727060207,0.6021113312186124,0.28968080423567466
19,2,0.41000000000000003,0.46,0.874,0.5054637749145559,0.7839112444350411,0.39474000245765756
19,2,0.51,0.46,0.874,0.5552734673118277,0.6852789732396043,0.41199715010021265
19,2,0.6100000000000001,0.46,0.874,0.4112788271118524,0.850463281144821,0.505498779061896
19,2,0.7100000000000001,0.46,0.874,0.38901386090565016,0.7279500934350908,0.5076978964588195
19,2,0.81,0.46,0.874,0.4377493850399832,0.6018326850434321,0.5316987436161916
19,2,0.91,0.46,0.874,0.488031660046753,0.8330592701621173,0.7204060438026214
20,2,0.01,0.46,0.874,0.27362938248919466,0.9450405104840399,0.21183708665591014
20,2,0.11,0.46,0.874,0.42514200096492066,1.0460996730095513,0.30073649359984533
20,2,0.21000000000000002,0.46,0.874,0.47709861832064804,0.9094436153795717,0.3258440957816944
20,2,0.31000000000000005,0.46,0.874,0.45296102987246245,1.1224216279422474,0.43857820500148376
20,2,0.41000000000000003,0.46,0.874,0.5239195051953416,1.0188967772819693,0.45711361066652695
20,2,0.51,0.46,0.874,0.5089140899976815,0.7958521740891422,0.44819098718807904
20,2,0.6100000000000001,0.46,0.874,0.49138703988109256,1.063463090382776,0.5698732600493588
20,2,0.7100000000000001,0.46,0.874,0.37727354454412426,0.9028064210779709,0.5586185988408929
20,2,0.81,0.46,0.874,0.5135181147777975,0.9594222201567023,0.6688929869054047
20,2,0.91,0.46,0.874,0.40833012102132277,0.9297847843561929,0.705146029388753
21,2,0.01,0.46,0.874,0.5056893128218831,0.8067985908000408,0.07321073008076606
21,2,0.11,0.46,0.874,0.4659314883935149,0.9663841553412468,0.2673056325858208
21,2,0.21000000000000002,0.46,0.874,0.3830318519965764,0.7732486699774526,0.317639022255816
21,2,0.31000000000000005,0.46,0.874,0.32670036789514906,0.6793904497359275,0.34344972076752767
21,2,0.41000000000000003,0.46,0.874,0.49259134091847634,0.8237654802649468,0.40777873941065235
21,2,0.51,0.46,0.874,0.4668418998139117,0.7973625770168267,0.44824364944232853
21,2,0.6100000000000001,0.46,0.874,0.46501888754915144,0.8074420784132607,0.4985311727364114
21,2,0.7100000000000001,0.46,0.874,0.2862992235343257,0.882998196856472,0.5329311681365626
21,2,0.81,0.46,0.874,0.5149656157192367,0.8448530297372783,0.640633043086524
21,2,0.91,0.46,0.874,0.35465599530542535,0.8880946560938299,0.6686017022664807
22,2,0.01,0.46,0.874,0.5361622325382492,0.8610292326804637,0.06828374729348215
22,2,0.11,0.46,0.874,0.3140369606557683,0.6565612082639201,0.25401553766382756
22,2,0.21000000000000002,0.46,0.874,0.3998839191439487,0.7837366888517612,0.31572278849433116
22,2,0.31000000000000005,0.46,0.874,0.3091205819463816,0.8143098941501753,0.38870769282463236
22,2,0.41000000000000003,0.46,0.874,0.3881088515562792,0.866774429765786,0.42941589165235966
22,2,0.51,0.46,0.874,0.379549879204905,0.713884744707074,0.4202250203169544
22,2,0.6100000000000001,0.46,0.874,0.378097060015794,0.816673264793419,0.49165358780985347
22,2,0.7100000000000001,0.46,0.874,0.4364221614007388,0.7157178460643703,0.5140703295691813
22,2,0.81,0.46,0.874,0.5583238419901931,0.6195080466302529,0.5819407970740184
22,2,0.91,0.46,0.874,0.3949253750642969,0.8433015638108975,0.6777132277202402
23,2,0.01,0.46,0.874,0.247829837552287,0.6021144321058202,0.161634632573116
23,2,0.11,0.46,0.874,0.35696895580820664,0.878691260670035,0.29407973613206106
23,2,0.21000000000000002,0.46,0.874,0.297342178574903,0.7317186342689213,0.33041350657277724
23,2,0.31000000000000005,0.46,0.874,0.28994498673154867,0.7348605321773513,0.3681724315498082
23,2,0.41000000000000003,0.46,0.874,0.20334146018333937,0.7137099059232043,0.39860333642239565
23,2,0.51,0.46,0.874,0.27905327497472987,0.8227324883273235,0.45413912145312246
23,2,0.6100000000000001,0.46,0.874,0.34696203643620294,0.66993744880264,0.4389632849599644
23,2,0.7100000000000001,0.46,0.874,0.2799567565065079,0.6674644755611789,0.46167524605703597
23,2,0.81,0.46,0.874,0.378046845328576,0.6598164356866418,0.5330462960798305
23,2,0.91,0.46,0.874,0.3307543453490678,0.6680065066957137,0.5894730542605386
24,2,0.01,0.46,0.874,0.5056239204941199,0.8495002625844732,0.07680933920899448
24,2,0.11,0.46,0.874,0.595514869832756,0.9703059313058935,0.21836647277185653
24,2,0.21000000000000002,0.46,0.874,0.5818442223021134,0.7973769141162889,0.26946709397557295
24,2,0.31000000000000005,0.46,0.874,0.6447867692919947,0.783339132859974,0.3186254466316926
24,2,0.41000000000000003,0.46,0.874,0.6269861377019809,0.868147670701774,0.408638960602251
24,2,0.51,0.46,0.874,0.4708332799048576,0.9316259626096677,0.48700591911678426
24,2,0.6100000000000001,0.46,0.874,0.5600539938778469,0.814559771846836,0.5113509307292772
24,2,0.7100000000000001,0.46,0.874,0.4890625415910974,0.9960225157177941,0.6068077597676151
24,2,0.81,0.46,0.874,0.6796709590622038,1.002599005537626,0.728717502804654
24,2,0.91,0.46,0.874,0.5228173630586194,0.916565161482913,0.7544496261976916
25,2,0.01,0.46,0.874,0.40171894024411414,0.8468991935273629,0.11793623171801518
25,2,0.11,0.46,0.874,0.44880171931762475,0.8333996281728233,0.2459055316778658
25,2,0.21000000000000002,0.46,0.874,0.42704707129619546,0.7846774689323445,0.30825542578548776
25,2,0.31000000000000005,0.46,0.874,0.3031339263346047,0.7916701886058842,0.3831607816209608
25,2,0.41000000000000003,0.46,0.874,0.589945212918217,0.7849615949451172,0.38773570287400055
25,2,0.51,0.46,0.874,0.42017704442093906,0.860627512459507,0.4667281989089404
25,2,0.6100000000000001,0.46,0.874,0.4786774308333449,0.9187153818676366,0.5322898373500866
25,2,0.7100000000000001,0.46,0.874,0.49995101792489216,0.8552578553993467,0.5723133599663329
25,2,0.81,0.46,0.874,0.4649593647397463,0.8820789499223433,0.6338390566035823
25,2,0.91,0.46,0.874,0.43029217504558653,0.8124993380515301,0.6873799899153069
26,2,0.01,0.46,0.874,0.43659031913652446,0.9823374368471116,0.11670547423474663
26,2,0.11,0.46,0.874,0.4113104501174275,0.8923567555648786,0.2741171759816004
26,2,0.21000000000000002,0.46,0.874,0.4688575750513908,0.9047087531412609,0.3270971984490791
26,2,0.31000000000000005,0.46,0.874,0.5526437751340546,0.9147886132072487,0.37022697462775817
26,2,0.41000000000000003,0.46,0.874,0.37932576353813335,0.7549580560445326,0.3967190811811176
26,2,0.51,0.46,0.874,0.48780304114332934,0.9998820259940084,0.5048490337004168
26,2,0.6100000000000001,0.46,0.874,0.4451031530350036,0.808864420308327,0.4967440743824024
26,2,0.7100000000000001,0.46,0.874,0.46750344765484875,0.7992391674043267,0.5484723072667598
26,2,0.81,0.46,0.874,0.3204724414726911,0.8852081294013938,0.5848597873891174
26,2,0.91,0.46,0.874,0.4290438467087159,0.7074050596384222,0.6562210827274486
27,2,0.01,0.46,0.874,0.7038297420063313,0.6777303822936489,0.026003216611274412
27,2,0.11,0.46,0.874,0.5211133587960103,0.9736464165760603,0.24671307450804877
27,2,0.21000000000000002,0.46,0.874,0.465454331697019,0.8043687662024362,0.30271768696228146
27,2,0.31000000000000005,0.46,0.874,0.516861763452791,0.9036137729223805,0.37404454293164574
27,2,0.41000000000000003,0.46,0.874,0.49669316147725284,1.133420019951247,0.48611869663316387
27,2,0.51,0.46,0.874,0.45595400508711753,0.6673497272163867,0.4046322988218228
27,2,0.6100000000000001,0.46,0.874,0.3843113485964697,0.9048358447824301,0.517968614366398
27,2,0.7100000000000001,0.46,0.874,0.5406753996981506,0.860198692736367,0.5826156603578696
27,2,0.81,0.46,0.874,0.2985301927940045,0.7338909701297122,0.5308300922930077
27,2,0.91,0.46,0.874,0.45359664600582383,0.6543871455548931,0.6514459017883442
28,2,0.01,0.46,0.874,0.3837749287504023,0.7288254388893729,0.11107444678772467
28,2,0.11,0.46,0.874,0.4672294765828804,0.755201612044852,0.2213827651981945
28,2,0.21000000000000002,0.46,0.874,0.41776355169657725,0.8183429390040339,0.3199548422843243
28,2,0.31000000000000005,0.46,0.874,0.42486714464392095,0.8955226538693203,0.38929130398236006
28,2,0.41000000000000003,0.46,0.874,0.35702356258368484,0.8410187984571771,0.42480338518306254
28,2,0.51,0.46,0.874,0.3984396384815009,0.8014641818403923,0.44883588987698253
28,2,0.6100000000000001,0.46,0.874,0.4842866681106943,0.7269242439068186,0.47444586780713954
28,2,0.7100000000000001,0.46,0.874,0.48025466034654274,0.8308931234129345,0.5608859116109848
28,2,0.81,0.46,0.874,0.3683626645140155,0.6943510202491179,0.5422370908563774
28,2,0.91,0.46,0.874,0.5870528229837373,0.8451260437988412,0.7667332695389406
29,2,0.01,0.46,0.874,0.45209891441547645,1.0026718226674023,0.11157230235609124
29,2,0.11,0.46,0.874,0.3709923604969698,0.8204429458965683,0.2741715112722681
29,2,0.21000000000000002,0.46,0.874,0.44907031023886623,0.9437596618343673,0.3423434396083801
29,2,0.31000000000000005,0.46,0.874,0.5293262451871662,1.0204479902956307,0.40052396223489806
29,2,0.41000000000000003,0.46,0.874,0.435444236045152,0.7514912603379933,0.3907448573682535
29,2,0.51,0.46,0.874,0.35910560507868594,1.0590100535485498,0.5179174994923297
29,2,0.6100000000000001,0.46,0.874,0.5664000629110579,0.9315074248224404,0.5454756181413393
29,2,0.7100000000000001,0.46,0.874,0.5514743349520207,0.9025769544698,0.596590794642688
29,2,0.81,0.46,0.874,0.4883893563322319,1.1045855654041612,0.6916063207661882
29,2,0.91,0.46,0.874,0.45631762957030253,0.86488484565195,0.7131215957012816
30,2,0.01,0.46,0.874,0.4563946518179788,0.830955057804936,0.09259382717476439
30,2,0.11,0.46,0.874,0.6476709615715843,0.8669452779402598,0.1828895708199197
30,2,0.21000000000000002,0.46,0.874,0.5798621740860236,0.9579090262956956,0.30761852689862335
30,2,0.31000000000000005,0.46,0.874,0.5620638154749216,0.9525386142779355,0.37793021012664346
30,2,0.41000000000000003,0.46,0.874,0.6122256910016691,1.1489583260890204,0.4790190209859632
30,2,0.51,0.46,0.874,0.5452441330048651,0.9068315622045656,0.481012664755157
30,2,0.6100000000000001,0.46,0.874,0.462864952328239,0.7908123727682008,0.4930880919742976
30,2,0.7100000000000001,0.46,0.874,0.5916248507501187,0.8741813068641973,0.597549248851395
30,2,0.81,0.46,0.874,0.5009405895184221,0.9340506580937555,0.6588434187919687
30,2,0.91,0.46,0.874,0.6435241727045748,0.9771627472447052,0.8124148055648849
1,3,0.01,0.66,0.874,0.755325178169891,0.9999497948365693,0.03015282396595226
1,3,0.11,0.66,0.874,0.8910721405501838,0.9657883298383025,0.13035634345180128
1,3,0.21000000000000002,0.66,0.874,0.9403137497741765,0.9202621845319908,0.20933438308233795
1,3,0.31000000000000005,0.66,0.874,0.6449825417656538,0.8380700893039931,0.33342904185653605
1,3,0.41000000000000003,0.66,0.874,0.6306799841350226,0.9157448154442854,0.42126972501249293
1,3,0.51,0.66,0.874,0.8357441067241712,1.001811249695858,0.5088100465857155
1,3,0.6100000000000001,0.66,0.874,0.6763160535517548,0.9461066977136774,0.561468617735124
1,3,0.7100000000000001,0.66,0.874,0.9073405137801843,0.9930841928914402,0.6911451403918343
1,3,0.81,0.66,0.874,0.8549484357063973,0.832002276657797,0.7418801757066119
1,3,0.91,0.66,0.874,0.8850764335763825,0.8577528258688125,0.8692455425264213
2,3,0.01,0.66,0.874,0.5420889217947723,0.7903082882867596,0.061439421077311304
2,3,0.11,0.66,0.874,0.6766253631362027,0.9816229296007168,0.19260112409916624
2,3,0.21000000000000002,0.66,0.874,0.8362842611912599,0.8023788478831659,0.20945913738878283
2,3,0.31000000000000005,0.66,0.874,0.6910896336133321,0.9651406454692186,0.3569938817623229
2,3,0.41000000000000003,0.66,0.874,0.7267927576890896,0.839011549714824,0.391727099835006
2,3,0.51,0.66,0.874,0.531460163757438,0.7847537437006894,0.44494313733423874
2,3,0.6100000000000001,0.66,0.874,0.868860207605009,0.7731002718438792,0.5327792341655542
2,3,0.7100000000000001,0.66,0.874,0.46774111055805334,0.9334684299513671,0.5866078287809532
2,3,0.81,0.66,0.874,0.7337153367767542,0.8795402325916489,0.7181976221118579
2,3,0.91,0.66,0.874,0.585067602167369,0.8664506418826083,0.7703489668341078
3,3,0.01,0.66,0.874,0.5392048449704829,0.869439567425756,0.06801316899224967
3,3,0.11,0.66,0.874,0.505811545527716,0.7179898284044084,0.19959606621333492
3,3,0.21000000000000002,0.66,0.874,0.3871111704839545,1.0428831737426774,0.3844022377979782
3,3,0.31000000000000005,0.66,0.874,0.6137074296144568,0.7531417844700623,0.3154976304020615
3,3,0.41000000000000003,0.66,0.874,0.46940306000126886,0.9422065043717188,0.44265906606361516
3,3,0.51,0.66,0.874,0.4868030243749688,0.9572219523887986,0.49393897906100376
3,3,0.6100000000000001,0.66,0.874,0.41448097872063805,0.7949533357947091,0.4889844184291173
3,3,0.7100000000000001,0.66,0.874,0.5967339364062583,0.9110370626411209,0.6085292899297611
3,3,0.81,0.66,0.874,0.49862406833393746,0.9674509858277266,0.6659490092834955
3,3,0.91,0.66,0.874,0.7011503102688662,0.8883309553069155,0.818139796107093
4,3,0.01,0.66,0.874,0.6114308542184939,0.6436137032695197,0.037317738734339384
4,3,0.11,0.66,0.874,0.5959188160508557,0.7226728932836426,0.172115121073324
4,3,0.21000000000000002,0.66,0.874,0.6317874138556839,0.6970258722472671,0.23183049286191024
4,3,0.31000000000000005,0.66,0.874,0.5695650746382791,0.5391000375959777,0.2547239768105005
4,3,0.41000000000000003,0.66,0.874,0.6132352087733418,0.8299421192614949,0.39900906854178647
4,3,0.51,0.66,0.874,0.7053677849845489,0.6313828427084431,0.3937385060645423
4,3,0.6100000000000001,0.66,0.874,0.7059652890397394,0.6269546207009674,0.4622981445786192
4,3,0.7100000000000001,0.66,0.874,0.5732413347668821,0.629363400559701,0.5125535363539265
4,3,0.81,0.66,0.874,0.6031812820421633,0.6533247233946801,0.6103867049148013
4,3,0.91,0.66,0.874,0.7637569281242191,0.7472180250859476,0.8139156146267887
5,3,0.01,0.66,0.874,0.8034693164883508,0.804367606525346,0.01965184200073954
5,3,0.11,0.66,0.874,0.9697141662448032,0.7408726124668883,0.08888320894081587
5,3,0.21000000000000002,0.66,0.874,0.9645394794859978,0.7682338372782107,0.17630222331695553
5,3,0.31000000000000005,0.66,0.874,0.8446372158760657,0.8836940823871322,0.31014213849115924
5,3,0.41000000000000003,0.66,0.874,0.7442098616391378,0.8197586240392092,0.38470809016537927
5,3,0.51,0.66,0.874,0.7841407801897702,0.8916119632381615,0.47917344572914516
5,3,0.6100000000000001,0.66,0.874,0.8417490428321469,0.8994808247597603,0.5672370285081446
5,3,0.7100000000000001,0.66,0.874,0.8315707838581285,0.8673538927461832,0.6461747907690862
5,3,0.81,0.66,0.874,0.796238999112146,0.8659369094045736,0.7331397890253541
5,3,0.91,0.66,0.874,0.7011708156751686,0.7670033427983236,0.7952699233704807
6,3,0.01,0.66,0.874,0.5691387456100397,0.8526241813508961,0.05870690778461795
6,3,0.11,0.66,0.874,0.5453277303870164,0.8951968386422194,0.22255290455644205
6,3,0.21000000000000002,0.66,0.874,0.464943070514067,0.8863202023139641,0.32372796122832875
6,3,0.31000000000000005,0.66,0.874,0.6514258619852633,0.8551726267791345,0.3367814584197947
6,3,0.41000000000000003,0.66,0.874,0.7066191041436616,0.8253101332787199,0.38955552422158213
6,3,0.51,0.66,0.874,0.645447501573913,1.0232142400171254,0.5121901417723383
6,3,0.6100000000000001,0.66,0.874,0.7137929068244324,0.8021392912881672,0.5246837385089663
6,3,0.7100000000000001,0.66,0.874,0.7302961105189565,0.8330781047243851,0.6156837385131156
6,3,0.81,0.66,0.874,0.44071988069641055,0.6613217767409387,0.556145601768783
6,3,0.91,0.66,0.874,0.6174740954690917,0.9674209979237519,0.8014669453584669
7,3,0.01,0.66,0.874,0.575263431405279,1.1766788461043132,0.07722170180518022
7,3,0.11,0.66,0.874,0.5273284354343938,1.0543744662168717,0.2593096856868963
7,3,0.21000000000000002,0.66,0.874,0.5215324087389723,0.8712514451762879,0.3038954363913291
7,3,0.31000000000000005,0.66,0.874,0.4763362104144647,1.0039592273736433,0.4068085814000428
7,3,0.41000000000000003,0.66,0.874,0.5853126686708383,1.0980922723879936,0.47017067236066384
7,3,0.51,0.66,0.874,0.6177544213721432,1.0310400504922874,0.513816862149804
7,3,0.6100000000000001,0.66,0.874,0.34886699896517526,1.0841030317502987,0.558926245055963
7,3,0.7100000000000001,0.66,0.874,0.3649288521374771,0.968911627918338,0.5732612634064743
7,3,0.81,0.66,0.874,0.3775433366592495,0.9233068649889242,0.6148269293065362
7,3,0.91,0.66,0.874,0.42362151237281004,0.9713458864733674,0.7213228491601124
8,3,0.01,0.66,0.874,0.7409919818376214,0.8853200410209103,0.028560536404479635
8,3,0.11,0.66,0.874,0.7260444137773562,0.7658979886353043,0.1437265566246221
8,3,0.21000000000000002,0.66,0.874,0.6556934455527077,0.7098425105734921,0.2294433425271878
8,3,0.31000000000000005,0.66,0.874,0.6863593648433872,0.9059820774114965,0.34346176667512
8,3,0.41000000000000003,0.66,0.874,0.7895448561048765,0.761435716934484,0.36356677607409515
8,3,0.51,0.66,0.874,0.7495628776890886,0.6864687747050175,0.41430226596002673
8,3,0.6100000000000001,0.66,0.874,0.6145773979858726,0.7948481131414616,0.5113239992122656
8,3,0.7100000000000001,0.66,0.874,0.772657301652003,0.8929105218847294,0.6407351017441186
8,3,0.81,0.66,0.874,0.6249260887583832,0.7648689782292186,0.6543234879331702
8,3,0.91,0.66,0.874,0.5560742131657526,0.7140631604512635,0.7210686919801577
9,3,0.01,0.66,0.874,0.6038602642694665,0.8357821003538382,0.04953849428571278
9,3,0.11,0.66,0.874,0.49177787657142696,0.761006585329095,0.21394740607858562
9,3,0.21000000000000002,0.66,0.874,0.47507863486298885,0.8562738882271262,0.31332744628837905
9,3,0.31000000000000005,0.66,0.874,0.5359870424235437,0.8859591050976724,0.3658787788569245
9,3,0.41000000000000003,0.66,0.874,0.44242410493333373,0.8266037374127015,0.413029168426361
9,3,0.51,0.66,0.874,0.5671652311077147,0.921555359427312,0.48525357947685904
9,3,0.6100000000000001,0.66,0.874,0.4980590771374837,1.0210742775308206,0.5606112615888224
9,3,0.7100000000000001,0.66,0.874,0.7552457996667058,0.884790438591008,0.6350238587607498
9,3,0.81,0.66,0.874,0.6584637872183868,0.7276842276802157,0.6540503548817025
9,3,0.91,0.66,0.874,0.46922228950437966,0.8488083157759166,0.7153857562895531
10,3,0.01,0.66,0.874,0.8090693827497782,0.849522707477198,0.020216126380707744
10,3,0.11,0.66,0.874,0.7575799738389615,0.6763004260869386,0.12185055340797893
10,3,0.21000000000000002,0.66,0.874,0.7074793156188472,0.7880195541914026,0.23584610628506508
10,3,0.31000000000000005,0.66,0.874,0.4541731477283444,0.6791753084235421,0.3207627553357193
10,3,0.41000000000000003,0.66,0.874,0.5632507340167204,0.5125803074370648,0.2945677623136127
10,3,0.51,0.66,0.874,0.6509426122454597,0.6035538778172769,0.38251691761684337
10,3,0.6100000000000001,0.66,0.874,0.7127304214556609,0.5356967027468038,0.42424426696856
10,3,0.7100000000000001,0.66,0.874,0.7987152577223138,0.8487378681180509,0.6344028238539382
10,3,0.81,0.66,0.874,0.6508517288950098,0.7203772038689161,0.6492539141605866
10,3,0.91,0.66,0.874,0.7646199752725026,0.7321231139800395,0.8111109264290858
11,3,0.01,0.66,0.874,0.7418803855238203,0.9047577985412755,0.02905392675475959
11,3,0.11,0.66,0.874,0.7595735492528536,0.8761703027757552,0.1518368485941361
11,3,0.21000000000000002,0.66,0.874,0.6465440670211869,0.8070346483371957,0.25521080227273746
11,3,0.31000000000000005,0.66,0.874,0.6763652491262935,0.8285096378621738,0.32534842245391427
11,3,0.41000000000000003,0.66,0.874,0.7820162045922497,0.7454512188703182,0.35930258533091924
11,3,0.51,0.66,0.874,0.8428623546590267,0.7259982409872041,0.4288637087833552
11,3,0.6100000000000001,0.66,0.874,0.7542249639109521,0.8131161271420014,0.5325769603941755
11,3,0.7100000000000001,0.66,0.874,0.8927853054308565,0.8291008307389544,0.6483905603066571
11,3,0.81,0.66,0.874,0.9332077316911876,0.8399107788871579,0.7647141774347317
11,3,0.91,0.66,0.874,0.8629623939408296,0.7597695386285871,0.8483656633296258
12,3,0.01,0.66,0.874,0.5319450118466232,0.8775586077442316,0.07076726992842688
12,3,0.11,0.66,0.874,0.8352618866057795,0.9319057269792342,0.13981348325770818
12,3,0.21000000000000002,0.66,0.874,0.6797113369240018,0.9959022124417897,0.2880911354298461
12,3,0.31000000000000005,0.66,0.874,0.9098553308327116,0.920147449276555,0.3076318256440845
12,3,0.41000000000000003,0.66,0.874,0.6704669171510115,0.9027692010030852,0.4142762854799041
12,3,0.51,0.66,0.874,0.6720096201111674,0.9353624069484963,0.4900170133417677
12,3,0.6100000000000001,0.66,0.874,0.6859653039075538,1.0714910474273762,0.5928818843876025
12,3,0.7100000000000001,0.66,0.874,0.5301844354096283,1.0271587468676013,0.6228153374969854
12,3,0.81,0.66,0.874,0.5943689653824131,0.7212378336601395,0.6306612710993315
12,3,0.91,0.66,0.874,0.5920340140228408,1.0201465981841522,0.8005438529151206
13,3,0.01,0.66,0.874,0.46388147913954253,0.8948101134858192,0.0959779963572657
13,3,0.11,0.66,0.874,0.5038260491269957,1.0956091665713739,0.2764660779042478
13,3,0.21000000000000002,0.66,0.874,0.47558198521802647,0.8568538432245638,0.313329634373493
13,3,0.31000000000000005,0.66,0.874,0.6580008026818467,1.040260183874875,0.38059859252403366
13,3,0.41000000000000003,0.66,0.874,0.40726450581340223,0.9256597654601658,0.44386793581205014
13,3,0.51,0.66,0.874,0.4729646298304999,0.715014537950108,0.4215213295539913
13,3,0.6100000000000001,0.66,0.874,0.47741112624979776,0.8858944690081617,0.5230821780384043
13,3,0.7100000000000001,0.66,0.874,0.4986720971895448,0.953978317365041,0.5985407809708632
13,3,0.81,0.66,0.874,0.6753459023826052,1.0225848381761788,0.7313714710916047
13,3,0.91,0.66,0.874,0.5331047781761643,0.98499269123693,0.7717622659129961
14,3,0.01,0.66,0.874,0.5539390384055002,0.5587439399604117,0.0419878467772471
14,3,0.11,0.66,0.874,0.6511490035076295,0.41847910054951853,0.09686862849350804
14,3,0.21000000000000002,0.66,0.874,0.6528538004338832,0.5802259545120754,0.19634129026207303
14,3,0.31000000000000005,0.66,0.874,0.5372055436379892,0.5472959214414292,0.26258148199260656
14,3,0.41000000000000003,0.66,0.874,0.6459605786379324,0.5611966212607253,0.3072960191721156
14,3,0.51,0.66,0.874,0.5572631220116372,0.5912690693861868,0.37679116193318823
14,3,0.6100000000000001,0.66,0.874,0.616854262549829,0.6734350180411406,0.47017611455557135
14,3,0.7100000000000001,0.66,0.874,0.568352743368309,0.538986617800534,0.4727344351763342
14,3,0.81,0.66,0.874,0.6643459508729825,0.7267904395615132,0.6557002924004316
14,3,0.91,0.66,0.874,0.5995683167283967,0.590971308031734,0.7029101360374473
15,3,0.01,0.66,0.874,0.3741600178007086,0.7770111318467827,0.12221598409040403
15,3,0.11,0.66,0.874,0.4168911998627813,0.6619345234229994,0.2168361049123623
15,3,0.21000000000000002,0.66,0.874,0.6126936482469769,0.817371759856189,0.26630822374638197
15,3,0.31000000000000005,0.66,0.874,0.4283126886342917,1.0271569027073921,0.42167367522001137
15,3,0.41000000000000003,0.66,0.874,0.5024704216130846,0.9411446340213726,0.43941408838978
15,3,0.51,0.66,0.874,0.32022517042768683,0.8700952025155972,0.4684564652330307
15,3,0.6100000000000001,0.66,0.874,0.5325148111208304,0.8541622739717959,0.5201306858803214
15,3,0.7100000000000001,0.66,0.874,0.4078736652249139,0.6683580814066815,0.49056921210077026
15,3,0.81,0.66,0.874,0.6958661625782887,0.8083848516807678,0.6891815992247017
15,3,0.91,0.66,0.874,0.41039036180292765,0.8309491911213466,0.6822880658481684
16,3,0.01,0.66,0.874,0.9055131867096734,0.7236229077643693,0.0111574631821201
16,3,0.11,0.66,0.874,0.905638374130338,0.9216612007351852,0.1218493247986887
16,3,0.21000000000000002,0.66,0.874,0.8114114772900882,1.0191932530135508,0.25806535324418145
16,3,0.31000000000000005,0.66,0.874,0.6023541076641241,1.147628405573721,0.41477562967660075
16,3,0.41000000000000003,0.66,0.874,0.8592008069422753,0.9807897245584393,0.4177257265811365
16,3,0.51,0.66,0.874,0.7986443086105396,0.8615485725227802,0.4707649317544838
16,3,0.6100000000000001,0.66,0.874,0.8952870944150649,0.8333940585772698,0.5543405631144547
16,3,0.7100000000000001,0.66,0.874,0.7301024657693681,0.936437966198648,0.6429176234108743
16,3,0.81,0.66,0.874,0.7724674753802669,0.9809434432138807,0.7504184420419842
16,3,0.91,0.66,0.874,0.8416253363802179,0.9654297621828023,0.8712472433835453
17,3,0.01,0.66,0.874,0.5994730804317937,0.8208182140119711,0.04963715226256769
17,3,0.11,0.66,0.874,0.6272095332634057,0.6955855625322191,0.15784719923674972
17,3,0.21000000000000002,0.66,0.874,0.6798647319507135,1.0205747693737877,0.2930940477060698
17,3,0.31000000000000005,0.66,0.874,0.6523564063998568,0.835774086506283,0.3315107927705749
17,3,0.41000000000000003,0.66,0.874,0.7096595690253441,0.9296450232561473,0.4179379759787506
17,3,0.51,0.66,0.874,0.7306484728640854,0.5254707744548563,0.3510946848056798
17,3,0.6100000000000001,0.66,0.874,0.5580472080167715,0.6690487959227673,0.46200415599724654
17,3,0.7100000000000001,0.66,0.874,0.6002471455440838,1.0413855099093814,0.6406079436864804
17,3,0.81,0.66,0.874,0.5273889563974591,0.5530006052105843,0.5429745001732387
17,3,0.91,0.66,0.874,0.5998074731314449,0.6804114457184647,0.7315847645610881
18,3,0.01,0.66,0.874,1.0196001528214242,1.0420039606643476,0.009527128116611485
18,3,0.11,0.66,0.874,0.7866957561888979,0.9099331822732117,0.1494195018815971
18,3,0.21000000000000002,0.66,0.874,0.7899070706402563,0.8552805698655275,0.23096084958812288
18,3,0.31000000000000005,0.66,0.874,0.8922742021785836,0.8914625908458006,0.30389513734808676
18,3,0.41000000000000003,0.66,0.874,0.8983681625365528,0.7266123683919335,0.34381545012251613
18,3,0.51,0.66,0.874,0.8040683280241059,0.8645065881239079,0.4716730325624286
18,3,0.6100000000000001,0.66,0.874,1.046712782689283,0.8504027634531953,0.5759482257900848
18,3,0.7100000000000001,0.66,0.874,0.9151939011008263,0.8558174816062574,0.6601026899464355
18,3,0.81,0.66,0.874,0.8224847561218946,0.8319010234826849,0.7327400965945624
18,3,0.91,0.66,0.874,0.924483531841085,0.8319911547677916,0.8759890715649368
19,3,0.01,0.66,0.874,0.5974711431573269,0.7472849715588143,0.0457925280706669
19,3,0.11,0.66,0.874,0.523625243471544,0.7598429118496534,0.20271544869604177
19,3,0.21000000000000002,0.66,0.874,0.5252105849822428,0.5860890736492046,0.22615546201705505
19,3,0.31000000000000005,0.66,0.874,0.4565628928587717,0.9223924587013286,0.39029097890202474
19,3,0.41000000000000003,0.66,0.874,0.5342464423818977,0.8049208651224428,0.3985624473906608
19,3,0.51,0.66,0.874,0.5577444691461905,0.7078923742355717,0.4199081499192248
19,3,0.6100000000000001,0.66,0.874,0.5965098967204904,0.9156280733583366,0.54455181310102
19,3,0.7100000000000001,0.66,0.874,0.4954557967654599,0.8182681533273716,0.5604671160289674
19,3,0.81,0.66,0.874,0.4932053346357739,0.8233800177435677,0.627338394670122
19,3,0.91,0.66,0.874,0.6429954224984598,0.8440746807421202,0.7888724784049791
20,3,0.01,0.66,0.874,0.7009021480285339,0.822397521527014,0.03179112222278844
20,3,0.11,0.66,0.874,0.4212539758118911,0.6715468717513293,0.21773676585332594
20,3,0.21000000000000002,0.66,0.874,0.4748902071986768,0.7600895302896782,0.28832907845898986
20,3,0.31000000000000005,0.66,0.874,0.4408796069692007,0.7411739720802986,0.3424767880087421
20,3,0.41000000000000003,0.66,0.874,0.3434335626906577,0.7215378093260398,0.3890354601552956
20,3,0.51,0.66,0.874,0.4998029011447605,0.8372583526005185,0.4606744393923745
20,3,0.6100000000000001,0.66,0.874,0.5298948351793834,0.9044982209552458,0.534110307941688
20,3,0.7100000000000001,0.66,0.874,0.614970712605506,0.5470501227438136,0.4868580567903957
20,3,0.81,0.66,0.874,0.45095737826701165,0.7083556705824414,0.5766616199977113
20,3,0.91,0.66,0.874,0.4279323106785149,0.6810743459003233,0.6470267433518435
21,3,0.01,0.66,0.874,0.6991900778929718,0.848480592477089,0.03301661884504916
21,3,0.11,0.66,0.874,0.7235690963840682,0.6384641385384132,0.12330638131808132
21,3,0.21000000000000002,0.66,0.874,0.6528428185944569,0.9286029475690329,0.28109388030576077
21,3,0.31000000000000005,0.66,0.874,0.660245911569215,0.8943328885986607,0.34525722917608204
21,3,0.41000000000000003,0.66,0.874,0.7748919962391013,0.8308744181865065,0.38525301543363194
21,3,0.51,0.66,0.874,0.7369913459284314,0.9386826768536626,0.49155225176058204
21,3,0.6100000000000001,0.66,0.874,0.7851379333398102,0.8863976729922713,0.5573988934711155
21,3,0.7100000000000001,0.66,0.874,0.6711734929443955,0.7660552963030721,0.5828434647140552
21,3,0.81,0.66,0.874,0.7564816209036463,0.869733563665562,0.7225884487966534
21,3,0.91,0.66,0.874,0.7776215057873009,0.8301809378294022,0.8338303448651533
22,3,0.01,0.66,0.874,0.41560314386548547,0.8774876570388144,0.11502207385809796
22,3,0.11,0.66,0.874,0.684756662088144,0.8959782938220618,0.17631906939352354
22,3,0.21000000000000002,0.66,0.874,0.6366219495567593,0.8090092031108733,0.25818536716992196
22,3,0.31000000000000005,0.66,0.874,0.6256875857023522,0.8109853075524769,0.3295701035045648
22,3,0.41000000000000003,0.66,0.874,0.5395292138444695,0.7072109716925851,0.36753735325366016
22,3,0.51,0.66,0.874,0.6592017869841762,0.8745737536506237,0.47311419198576715
22,3,0.6100000000000001,0.66,0.874,0.6841624260527956,0.7796205064675513,0.5142676766530656
22,3,0.7100000000000001,0.66,0.874,0.40889433270823305,0.8759639484115759,0.5581573574252104
22,3,0.81,0.66,0.874,0.5126454027588988,0.8001934888942956,0.6272504908517113
22,3,0.91,0.66,0.874,0.6101923998295896,0.7840912682486726,0.7628796734954568
23,3,0.01,0.66,0.874,0.5452171329022294,0.7421649359816415,0.05713415848251291
23,3,0.11,0.66,0.874,0.5340393665649404,0.6461286804177823,0.1746109275629073
23,3,0.21000000000000002,0.66,0.874,0.5667858338542096,0.7950764351160559,0.2728390105735306
23,3,0.31000000000000005,0.66,0.874,0.7326855780200221,0.6805095336029077,0.27465147780154575
23,3,0.41000000000000003,0.66,0.874,0.804682311729055,0.7160583816158214,0.3482205764502938
23,3,0.51,0.66,0.874,0.6433877226992021,0.6470435421909005,0.39900737878863213
23,3,0.6100000000000001,0.66,0.874,0.6155160935068967,0.7846783156688782,0.5082108705168893
23,3,0.7100000000000001,0.66,0.874,0.5308681952039539,0.8094693146382554,0.565608145800602
23,3,0.81,0.66,0.874,0.6339039349991318,0.6710229056582694,0.6271980742139184
23,3,0.91,0.66,0.874,0.6827348653814698,0.4231407400822177,0.672507651026295
24,3,0.01,0.66,0.874,0.524545101744087,0.8641459350827204,0.07200029307955406
24,3,0.11,0.66,0.874,0.5267881199755606,1.025069643103508,0.25414674846681357
24,3,0.21000000000000002,0.66,0.874,0.5248406194064185,1.0213549095527794,0.3375470593141668
24,3,0.31000000000000005,0.66,0.874,0.40018003713158795,0.9490268356397684,0.4079346628263353
24,3,0.41000000000000003,0.66,0.874,0.36713143486886435,0.9862631050805251,0.46320283682588315
24,3,0.51,0.66,0.874,0.4176087772578372,0.9097257237702093,0.48053345753318777
24,3,0.6100000000000001,0.66,0.874,0.591260890182701,0.9903381642856707,0.5633500640518813
24,3,0.7100000000000001,0.66,0.874,0.5973189553118914,0.9140877116146794,0.6094500492653762
24,3,0.81,0.66,0.874,0.3265502837138665,1.0381213448343554,0.6250206929472045
24,3,0.91,0.66,0.874,0.49724443926132295,1.0272617514556424,0.7644689884583252
25,3,0.01,0.66,0.874,0.44130496670039493,0.9519041528022502,0.11133861340228662
25,3,0.11,0.66,0.874,0.4007748969803221,0.9841702501186422,0.2986210544747165
25,3,0.21000000000000002,0.66,0.874,0.5086881649499133,1.1810892032089784,0.3757711316629649
25,3,0.31000000000000005,0.66,0.874,0.4380635670605636,1.1216726532351184,0.4413507013327652
25,3,0.41000000000000003,0.66,0.874,0.4388728782922625,1.0325457246620366,0.4681165202681531
25,3,0.51,0.66,0.874,0.48722920839424844,0.9291867159713373,0.48651481941820096
25,3,0.6100000000000001,0.66,0.874,0.4906996148149331,1.1619577618457844,0.5913628624208805
25,3,0.7100000000000001,0.66,0.874,0.42579516234786324,0.9809775396217276,0.5895352549119465
25,3,0.81,0.66,0.874,0.5564400480170053,0.9128688955339084,0.671655175231135
25,3,0.91,0.66,0.874,0.4038462999941799,1.1160331922415996,0.7396467821059293
26,3,0.01,0.66,0.874,0.7711676773988917,0.8097261434869735,0.022872829528963506
26,3,0.11,0.66,0.874,0.6863914053294288,1.1109497757009372,0.2091839437350864
26,3,0.21000000000000002,0.66,0.874,0.6384492274773838,0.917866762944749,0.28260009123985524
26,3,0.31000000000000005,0.66,0.874,0.49079934276246984,0.9197311862376224,0.38310922118974605
26,3,0.41000000000000003,0.66,0.874,0.806455250074889,0.8421441669637046,0.38572314742237174
26,3,0.51,0.66,0.874,0.6570640457060394,0.922901684518356,0.48651664469366895
26,3,0.6100000000000001,0.66,0.874,0.619762019560178,0.9571060180034967,0.5580830977567415
26,3,0.7100000000000001,0.66,0.874,0.5757364338631764,0.8410081053708396,0.5847615531925839
26,3,0.81,0.66,0.874,0.6773599637395146,0.7601649214051657,0.6699500105933791
26,3,0.91,0.66,0.874,0.6422103864063184,0.984070575559552,0.8130243583720372
27,3,0.01,0.66,0.874,0.7707853863425711,0.9053605547955238,0.025549070158614372
27,3,0.11,0.66,0.874,0.5932844300890994,1.0744782727996272,0.2371137553882306
27,3,0.21000000000000002,0.66,0.874,0.41944961127512026,0.7965825991567386,0.31363839355199075
27,3,0.31000000000000005,0.66,0.874,0.6777235361589651,0.8110032413975532,0.32044164822763443
27,3,0.41000000000000003,0.66,0.874,0.6169360261535829,0.9040539569022781,0.4193579587374507
27,3,0.51,0.66,0.874,0.7518157136984109,0.9214338587505347,0.4870659758957185
27,3,0.6100000000000001,0.66,0.874,0.5861453046868523,0.9785059789878207,0.5598273939174275
27,3,0.7100000000000001,0.66,0.874,0.7483778508832846,0.8534643984163757,0.625189476545259
27,3,0.81,0.66,0.874,0.5524359473273552,0.8916263526928242,0.6651499364988684
27,3,0.91,0.66,0.874,0.5705820016729468,0.9011566739979109,0.7713663181832905
28,3,0.01,0.66,0.874,0.9386336031950125,0.7520176434766457,0.009970249398025178
28,3,0.11,0.66,0.874,0.766533251923234,0.7788248409493413,0.13556889097843838
28,3,0.21000000000000002,0.66,0.874,0.8590152389750524,0.8763443504274293,0.2192354624106475
28,3,0.31000000000000005,0.66,0.874,0.8963507515509974,0.9337026662422097,0.3130744764585721
28,3,0.41000000000000003,0.66,0.874,0.8844509536521526,1.077522955959724,0.4385017936990668
28,3,0.51,0.66,0.874,0.7424978448780122,1.1317848630444391,0.5382997738560791
28,3,0.6100000000000001,0.66,0.874,0.7371830098272786,0.8658209069260595,0.5462855454162444
28,3,0.7100000000000001,0.66,0.874,0.8751708505527455,0.8250011118827003,0.6436504052787554
28,3,0.81,0.66,0.874,0.8485072836858278,0.8749982284985568,0.7496620646680644
28,3,0.91,0.66,0.874,0.7507621720624472,0.8619194511780088,0.8303903298430939
29,3,0.01,0.66,0.874,0.5589009635660138,1.011873305286631,0.07199679773865089
29,3,0.11,0.66,0.874,0.7013091159492773,0.9439979574210519,0.17888984204580863
29,3,0.21000000000000002,0.66,0.874,0.6949848638793914,0.759280600192598,0.23215422566656138
29,3,0.31000000000000005,0.66,0.874,0.5447899348261175,1.032514076534116,0.40037562173136526
29,3,0.41000000000000003,0.66,0.874,0.7733306921943757,0.8610042921070579,0.3938585866123449
29,3,0.51,0.66,0.874,0.8419136496881131,0.9105315451602033,0.48499308437209615
29,3,0.6100000000000001,0.66,0.874,0.8196347376885592,0.9565024142814651,0.5798507326859035
29,3,0.7100000000000001,0.66,0.874,0.6592755926524554,1.0448657873735367,0.6534396695059869
29,3,0.81,0.66,0.874,0.7438328420328114,1.0557258778016434,0.7563541082855637
29,3,0.91,0.66,0.874,0.6570041325092693,1.0822004809792167,0.8318875479798012
30,3,0.01,0.66,0.874,0.9043082075458033,0.7680495032865413,0.01189929241783751
30,3,0.11,0.66,0.874,0.5325226622261501,0.9281753048820093,0.23363442993833117
30,3,0.21000000000000002,0.66,0.874,0.7234550779092515,0.7108311164706398,0.21419120095134228
30,3,0.31000000000000005,0.66,0.874,0.9275721733802706,0.9906064003683988,0.32047137599160475
30,3,0.41000000000000003,0.66,0.874,0.7198816018546258,0.8794692441414536,0.4036092986745228
30,3,0.51,0.66,0.874,0.749325546307746,1.0116234517108402,0.5103818670141678
30,3,0.6100000000000001,0.66,0.874,0.9168821648314791,0.8847887011724602,0.5714393724146503
30,3,0.7100000000000001,0.66,0.874,0.8431838094031917,1.005889715147672,0.6815373314930675
30,3,0.81,0.66,0.874,0.845123053066526,0.8081033133616435,0.7334840305238407
30,3,0.91,0.66,0.874,0.8179851585714422,0.92982266966939,0.8605370438951645
